username,first_name,last_name,email,password
uhuynh,David,Holt,bradleyphyllis@example.com,$yAq2w1wE0
stewartelizabeth,Elizabeth,Velasquez,amanda33@example.org,k_v5HkFw)w
chambersjulie,John,Ferrell,raymond98@example.net,VQ%tSj%m_3
jcarpenter,Zachary,Ayers,wsutton@example.org,%0TJGhwrfe
colemankerry,Kelsey,Herrera,kjohnson@example.org,gl(83Raks4
sandra73,Angela,Smith,samantha26@example.com,^gAJqXlOU5
madison01,Aaron,Hall,rebeccale@example.org,$Z+j1^q8u&
wilsonmichaela,Cole,Curry,michael97@example.com,0X2EoQi6o!
wbrown,Nicole,Wallace,mauricejones@example.org,3%C4DUzG_Y
andrewstewart,Tracy,Kirk,christensenlisa@example.net,R7TjmNhi()
